{"cameraMode":{"drawMode":0,"name":"Shaded","section":"Shading Mode"},"sceneLighting":true,"audioPlay":false,"sceneViewState":{"m_AlwaysRefresh":false,"showFog":true,"showSkybox":true,"showFlares":true,"showImageEffects":true,"showParticleSystems":true,"showVisualEffectGraphs":true,"m_FxEnabled":true},"in2DMode":false,"pivot":{"x":-25.411285400390626,"y":1.9598560333251954,"z":-70.41799926757813},"rotation":{"x":0.1748681664466858,"y":0.08259786665439606,"z":-0.014724541455507279,"w":0.9810207486152649},"size":18.908578872680665,"orthographic":true}